{"learning_rate": 0.0008916903878013683, "dropout_rate": 0.2852864206591037, "regularization_rate": 0.0003399570208093679, "batch_size": 32}