{"learning_rate": 0.0031273921641759225, "dropout_rate": 0.23376439151434333, "regularization_rate": 0.0032750527084574412, "batch_size": 16}